Question,Answer
How do I reset my password?,"To reset your password, go to the login screen, click on the ""Forgot Password"" link, and follow the instructions to reset it."
I can't seem to find the logout button. Where is it located?," To log out of the app, navigate to the settings menu, and you'll find the logout option there."
What should I do if the app keeps crashing?,"If the app is crashing frequently, try restarting your device and ensuring that you have the latest version of the app installed. If the issue persists, please contact our support team for further assistance."
How can I update my profile information?,"To update your profile information, go to the profile section within the app, click on the edit button, and you'll be able to make changes to your profile details."
Where can I access my purchase history?,"Your purchase history can be found in the settings menu under the ""Purchase History"" or ""Transactions"" section."
I accidentally deleted some important data. Can I recover it?," Unfortunately, once data is deleted, it cannot be recovered. We recommend regularly backing up your data to prevent any loss in the future."
How do I change my notification settings?," To change your notification settings, go to the app's settings menu, find the notifications tab, and adjust your preferences accordingly."
What should I do if I encounter a bug in the app?," If you encounter a bug, please report it to our support team by sending an email to [support@email.com]. Be sure to include details about the issue you're experiencing so we can investigate and address it promptly."
Is there a way to customize the app's interface?,"Currently, our app does not support interface customization. However, we're always working on improving our user experience, so stay tuned for future updates!"
How can I contact customer support for further assistance?,"You can reach our customer support team by tapping on the ""Contact Us"" option in the settings menu or by sending an email to [support@email.com]. We're here to help!"
Unrelated question,"I'm sorry, I cannot answer this question, Paidwork support will contact you regarding your question."
